Name,Calories,Category,Tryptophan,Threonine,Isoleucine,Leucine,Lysine,Methionine,Phenylalanine,Valine,Histidine,Calcium,Iron,Magnesium,Phosphorus,Potassium,Sodium,Zinc,Copper,Manganese,Selenium,Fluoride,Vitamin A,Beta-Carotene,Alpha-Carotene,Vitamin D,Vitamin D2,Vitamin D3,Vitamin E,Vitamin K,Vitamin C,Vitamin B1,Vitamin B2,Vitamin B3,Vitamin B4,Vitamin B5,Vitamin B6,Vitamin B9,Vitamin B12,vegan,vegetarian
Apples,52,Fruit,1.0,6.0,6.0,13.0,12.0,1.0,6.0,12.0,5.0,6.0,0.12,5.0,11.0,107.0,1.0,0.04,0.03,0.04,0.0,0.0033,0.003,0.027,0.0,0.0,0.0,0.0,0.18,0.0022,4.6,0.02,0.03,0.09,3.4,0.06,0.04,0.003,0.0,True,True
Apricots,48,Fruit,15.0,47.0,41.0,77.0,97.0,6.0,52.0,47.0,27.0,13.0,0.39,10.0,23.0,259.0,1.0,0.2,0.08,0.08,0.0001,0.0,0.096,1.094,0.019,0.0,0.0,0.0,0.89,0.0033,10.0,0.03,0.04,0.6,2.8,0.24,0.05,0.009,0.0,True,True
Almonds,579,Nut,211.0,601.0,751.0,1473.0,568.0,157.0,1132.0,855.0,539.0,269.0,3.71,270.0,481.0,733.0,1.0,3.12,1.03,2.18,0.0040999999999999995,0.0,0.0,0.001,0.0,0.0,0.0,0.0,25.63,0.0,0.0,0.21,1.14,3.62,52.1,0.47,0.14,0.044,0.0,True,True
Beef,203,Meat,325.0,1425.0,1448.0,2652.0,2911.0,857.0,1253.0,1541.0,1105.0,14.0,2.98,21.0,237.0,339.0,64.0,6.91,0.09,0.02,0.0313,0.0,0.001,0.0,0.0,0.0001,0.0,0.0001,0.22,0.0015,0.0,0.08,0.29,5.79,86.0,0.52,0.56,0.007,0.0028599999999999997,False,False
Lamb,180,Meat,329.0,1206.0,1359.0,2191.0,2488.0,723.0,1147.0,1520.0,892.0,8.0,2.06,26.0,208.0,342.0,66.0,5.02,0.12,0.03,0.0317,0.0,0.0,0.0,0.0,0.0,0.0,0.0,0.18,0.0,0.0,0.11,0.28,6.39,0.0,0.71,0.17,0.024,0.00271,False,False
Pork,211,Meat,374.0,1346.0,1380.0,2364.0,2650.0,780.0,1176.0,1599.0,1177.0,22.0,1.07,26.0,234.0,377.0,57.0,2.87,0.05,0.02,0.045399999999999996,0.0,0.002,0.0,0.0,0.0,0.0,0.0,0.0,0.0,0.4,0.87,0.34,5.25,0.0,0.69,0.44,0.006,0.00075,False,False
Veal,196,Meat,323.0,1393.0,1571.0,2539.0,2628.0,744.0,1287.0,1763.0,1158.0,24.0,1.16,28.0,250.0,338.0,89.0,5.1,0.12,0.04,0.013,0.0,0.0,0.0,0.0,0.0,0.0,0.0,0.42,0.0066,0.0,0.06,0.34,8.42,123.0,1.33,0.33,0.016,0.00165,False,False
Asparagus,20,Vegetable,27.0,84.0,75.0,128.0,104.0,31.0,75.0,115.0,49.0,24.0,2.14,14.0,52.0,202.0,2.0,0.54,0.19,0.16,0.0023,0.0,0.038,0.449,0.009,0.0,0.0,0.0,1.13,0.0416,5.6,0.14,0.14,0.98,16.0,0.27,0.09,0.052,0.0,True,True
Avocado,160,Vegetable,25.0,73.0,84.0,143.0,132.0,38.0,97.0,107.0,49.0,12.0,0.55,29.0,52.0,485.0,7.0,0.64,0.19,0.14,0.0004,0.007,0.007,0.062,0.024,0.0,0.0,0.0,2.07,0.021,10.0,0.07,0.13,1.74,14.2,1.39,0.26,0.081,0.0,True,True
Bananas,89,Fruit,9.0,28.0,28.0,68.0,50.0,8.0,49.0,47.0,77.0,5.0,0.26,27.0,22.0,358.0,1.0,0.15,0.08,0.27,0.001,0.0022,0.003,0.026,0.025,0.0,0.0,0.0,0.1,0.0005,8.7,0.03,0.07,0.67,9.8,0.33,0.37,0.02,0.0,True,True
Basil,23,Vegetable,39.0,104.0,104.0,191.0,110.0,36.0,130.0,127.0,51.0,177.0,3.17,64.0,56.0,295.0,4.0,0.81,0.39,1.15,0.0003,0.0,0.264,3.142,0.0,0.0,0.0,0.0,0.8,0.4148,18.0,0.03,0.08,0.9,11.4,0.21,0.16,0.068,0.0,True,True
Bass,146,Meat,271.0,1060.0,1114.0,1965.0,2221.0,716.0,944.0,1246.0,712.0,103.0,1.91,38.0,256.0,456.0,90.0,0.83,0.12,1.14,0.0162,0.0,0.035,0.0,0.0,0.0,0.0,0.0,0.0,0.0,2.1,0.09,0.09,1.52,0.0,0.87,0.14,0.017,0.00231,False,False
BayLeaf,313,Vegetable,0.0,0.0,0.0,0.0,0.0,0.0,0.0,0.0,0.0,834.0,43.0,120.0,113.0,529.0,23.0,3.7,0.42,8.17,0.0028,0.0,0.309,0.0,0.0,0.0,0.0,0.0,0.0,0.0,46.5,0.01,0.42,2.01,0.0,0.0,1.74,0.18,0.0,True,True
Beer,43,Alcohol,0.0,0.0,0.0,0.0,0.0,0.0,0.0,0.0,0.0,4.0,0.02,6.0,14.0,27.0,4.0,0.01,0.01,0.01,0.0006,0.0442,0.0,0.0,0.0,0.0,0.0,0.0,0.0,0.0,0.0,0.01,0.03,0.51,10.1,0.04,0.05,0.006,2e-05,True,True
Beets,43,Vegetable,19.0,47.0,48.0,68.0,58.0,18.0,46.0,56.0,21.0,16.0,0.8,23.0,40.0,325.0,78.0,0.35,0.08,0.33,0.0007,0.0,0.002,0.02,0.0,0.0,0.0,0.0,0.04,0.0002,4.9,0.03,0.04,0.33,6.0,0.16,0.07,0.109,0.0,True,True
BlackBeans,132,Grain,105.0,373.0,391.0,708.0,608.0,133.0,479.0,464.0,247.0,27.0,2.1,70.0,140.0,355.0,1.0,1.12,0.21,0.44,0.0012,0.0,0.0,0.0,0.0,0.0,0.0,0.0,0.87,0.0033,0.0,0.24,0.06,0.51,32.6,0.24,0.07,0.149,0.0,True,True
Blackberry,43,Fruit,0.0,0.0,0.0,0.0,0.0,0.0,0.0,0.0,0.0,29.0,0.62,20.0,22.0,162.0,1.0,0.53,0.17,0.65,0.0004,0.0,0.011,0.128,0.0,0.0,0.0,0.0,1.17,0.0198,21.0,0.02,0.03,0.65,8.5,0.28,0.03,0.025,0.0,True,True
BlueCheese,353,Dairy,312.0,785.0,1124.0,1919.0,1852.0,584.0,1087.0,1556.0,758.0,528.0,0.31,23.0,387.0,256.0,1146.0,2.66,0.04,0.01,0.0145,0.0,0.198,0.074,0.0,0.0005,0.0,0.0005,0.25,0.0024,0.0,0.03,0.38,1.02,15.4,1.73,0.17,0.036,0.00122,False,True
Blueberries,57,Fruit,3.0,20.0,23.0,44.0,13.0,12.0,26.0,31.0,11.0,6.0,0.28,6.0,12.0,77.0,1.0,0.16,0.06,0.34,0.0001,0.0,0.003,0.032,0.0,0.0,0.0,0.0,0.57,0.0193,9.7,0.04,0.04,0.42,6.0,0.12,0.05,0.006,0.0,True,True
Bri,334,Dairy,322.0,751.0,1014.9999999999999,1929.0,1851.0,592.0,1158.0,1340.0,716.0,184.0,0.5,20.0,188.0,152.0,629.0,2.38,0.02,0.03,0.0145,0.0,0.174,0.009,0.0,0.0005,0.0,0.0005,0.24,0.0023,0.0,0.07,0.52,0.38,15.4,0.69,0.24,0.065,0.00165,False,True
Broccoli,34,Vegetable,33.0,88.0,79.0,129.0,135.0,38.0,117.0,125.0,59.0,47.0,0.73,21.0,66.0,316.0,33.0,0.41,0.05,0.21,0.0025,0.0,0.031,0.361,0.025,0.0,0.0,0.0,0.78,0.1016,89.2,0.07,0.12,0.64,18.7,0.57,0.18,0.063,0.0,True,True
BrownMushrooms,22,Vegetable,56.0,113.0,99.0,153.0,252.0,48.0,97.0,115.0,67.0,18.0,0.4,9.0,120.0,448.0,6.0,1.1,0.5,0.14,0.026,0.0,0.0,0.0,0.0,0.0001,0.0001,0.0,0.01,0.0,0.0,0.1,0.49,3.8,22.1,1.5,0.11,0.025,0.0001,True,True
BrownSugar,380,Carbohydrate,0.0,0.0,0.0,0.0,0.0,0.0,0.0,0.0,0.0,83.0,0.71,9.0,4.0,133.0,28.0,0.03,0.05,0.06,0.0012,0.0,0.0,0.0,0.0,0.0,0.0,0.0,0.0,0.0,0.0,0.0,0.0,0.11,2.3,0.13,0.04,0.001,0.0,True,True
BrusselsSprouts,43,Vegetable,37.0,120.0,132.0,152.0,154.0,32.0,98.0,155.0,76.0,42.0,1.4,23.0,69.0,389.0,25.0,0.42,0.07,0.34,0.0016,0.0,0.038,0.45,0.006,0.0,0.0,0.0,0.88,0.177,85.0,0.14,0.09,0.75,19.1,0.31,0.22,0.061,0.0,True,True
Buckwheat,92,Vegetable,49.0,129.0,127.0,212.0,172.0,44.0,133.0,173.0,79.0,7.0,0.8,51.0,70.0,88.0,4.0,0.61,0.15,0.4,0.0022,0.0,0.0,0.0,0.0,0.0,0.0,0.0,0.09,0.0019,0.0,0.04,0.04,0.94,20.1,0.36,0.08,0.014,0.0,True,True
ButterOil,876,Oil,4.0,13.0,17.0,27.0,22.0,7.0,14.0,19.0,8.0,4.0,0.0,0.0,3.0,5.0,2.0,0.01,0.0,0.0,0.0,0.0,0.84,0.193,0.0,0.0,0.0,0.0,2.8,0.0086,0.0,0.0,0.01,0.0,22.3,0.01,0.0,0.0,1e-05,False,True
ButterHeadLettuce,13,Vegetable,13.0,41.0,39.0,71.0,56.0,14.0,53.0,54.0,17.0,35.0,1.24,13.0,33.0,238.0,5.0,0.2,0.02,0.18,0.0006,0.0,0.166,1.987,0.0,0.0,0.0,0.0,0.18,0.1023,3.7,0.06,0.06,0.36,8.4,0.15,0.08,0.073,0.0,True,True
ButterMilk,62,Dairy,41.0,137.0,166.0,304.0,269.0,84.0,166.0,210.0,97.0,115.0,0.03,10.0,85.0,135.0,105.0,0.38,0.03,0.0,0.0037,0.0,0.047,0.007,0.0,0.0013,0.0,0.0013,0.07,0.0003,0.0,0.05,0.17,0.09,14.6,0.38,0.04,0.005,0.00046,False,True
Butterscotch,391,Dairy,0.0,0.0,0.0,0.0,0.0,0.0,0.0,0.0,0.0,4.0,0.01,0.0,1.0,3.0,391.0,0.09,0.0,0.0,0.0006,0.0,0.028,0.006,0.0,0.0,0.0,0.0,0.09,0.0003,0.0,0.01,0.02,0.0,0.8,0.0,0.0,0.0,0.0,False,True
Cabbage,25,Vegetable,11.0,35.0,30.0,41.0,44.0,12.0,32.0,42.0,22.0,40.0,0.47,12.0,26.0,170.0,18.0,0.18,0.02,0.16,0.0003,0.001,0.005,0.042,0.033,0.0,0.0,0.0,0.15,0.076,36.6,0.06,0.04,0.23,10.7,0.21,0.12,0.043,0.0,True,True
NoCaffeineCola,41,Drink,0.0,0.0,0.0,0.0,0.0,0.0,0.0,0.0,0.0,2.0,0.02,0.0,11.0,3.0,4.0,0.01,0.0,0.0,0.0001,0.0,0.0,0.0,0.0,0.0,0.0,0.0,0.0,0.0,0.0,0.0,0.0,0.0,0.3,0.0,0.0,0.0,0.0,True,True
ChiaSeeds,486,Grain,436.0,709.0,801.0,1371.0,970.0,588.0,1016.0,950.0,531.0,631.0,7.72,335.0,860.0,407.0,16.0,4.58,0.92,2.72,0.055200000000000006,0.0,0.0,0.0,0.0,0.0,0.0,0.0,0.5,0.0,1.6,0.62,0.17,8.83,0.0,0.0,0.0,0.049,0.0,True,True
Chicken,219,Meat,358.0,1289.0,1612.0,2294.0,2583.0,844.0,1217.0,1516.0,947.0,17.0,1.35,27.0,205.0,257.0,91.0,2.24,0.08,0.03,0.0245,0.0,0.018,0.0,0.0,0.0001,0.0,0.0001,0.46,0.0028,0.0,0.09,0.2,9.66,91.2,1.17,0.48,0.007,0.00034,False,False
Chickpeas,378,Grain,200.0,766.0,882.0,1465.0,1377.0,270.0,1103.0,865.0,566.0,57.0,4.31,79.0,252.0,718.0,24.0,2.76,0.66,21.31,0.0,0.0,0.003,0.04,0.0,0.0,0.0,0.0,0.82,0.009,4.0,0.48,0.21,1.54,99.3,1.59,0.54,0.557,0.0,True,True
Chives,30,Vegetable,37.0,128.0,139.0,195.0,163.0,36.0,105.0,145.0,57.0,92.0,1.6,42.0,58.0,296.0,3.0,0.56,0.16,0.37,0.0009,0.0,0.218,2.612,0.0,0.0,0.0,0.0,0.21,0.2127,58.1,0.08,0.12,0.65,5.2,0.32,0.14,0.105,0.0,True,True
Cinnamon,247,Spice,49.0,136.0,146.0,253.0,243.0,78.0,146.0,224.0,117.0,1002.0,8.32,60.0,64.0,431.0,10.0,1.83,0.34,17.47,0.0031,0.0,0.015,0.112,0.001,0.0,0.0,0.0,2.32,0.0312,3.8,0.02,0.04,1.33,11.0,0.36,0.16,0.006,0.0,True,True
Clementines,47,Fruit,0.0,0.0,0.0,0.0,0.0,0.0,0.0,0.0,0.0,30.0,0.14,10.0,21.0,177.0,1.0,0.06,0.04,0.02,0.0001,0.0,0.0,0.0,0.0,0.0,0.0,0.0,0.2,0.0,48.8,0.09,0.03,0.64,14.0,0.15,0.08,0.024,0.0,True,True
CocoaButter,884,Dairy,0.0,0.0,0.0,0.0,0.0,0.0,0.0,0.0,0.0,0.0,0.0,0.0,0.0,0.0,0.0,0.0,0.0,0.0,0.0,0.0,0.0,0.0,0.0,0.0,0.0,0.0,1.8,0.0247,0.0,0.0,0.0,0.0,0.3,0.0,0.0,0.0,0.0,False,True
CoconutMilk,230,Fruit,27.0,83.0,90.0,170.0,101.0,43.0,116.0,139.0,53.0,16.0,1.64,37.0,100.0,263.0,15.0,0.67,0.27,0.92,0.0062,0.0,0.0,0.0,0.0,0.0,0.0,0.0,0.15,0.0001,2.8,0.03,0.0,0.76,8.5,0.18,0.03,0.016,0.0,True,True
CoconutMeat,354,Fruit,39.0,121.0,131.0,247.0,147.0,62.0,169.0,202.0,77.0,14.0,2.43,32.0,113.0,356.0,20.0,1.1,0.44,1.5,0.0101,0.0,0.0,0.0,0.0,0.0,0.0,0.0,0.24,0.0002,3.3,0.07,0.02,0.54,12.1,0.3,0.05,0.026,0.0,True,True
CoconutOil,892,Oil,0.0,0.0,0.0,0.0,0.0,0.0,0.0,0.0,0.0,1.0,0.05,0.0,0.0,0.0,0.0,0.02,0.0,0.0,0.0,0.0,0.0,0.0,0.0,0.0,0.0,0.0,0.11,0.0006,0.0,0.0,0.0,0.0,0.3,0.0,0.0,0.0,0.0,True,True
CoconutWater,19,Fruit,8.0,26.0,28.0,53.0,32.0,13.0,37.0,44.0,17.0,24.0,0.29,25.0,20.0,250.0,105.0,0.1,0.04,0.14,0.001,0.0,0.0,0.0,0.0,0.0,0.0,0.0,0.0,0.0,2.4,0.03,0.06,0.08,1.1,0.04,0.03,0.003,0.0,True,True
Cod,84,Meat,0.0,0.0,0.0,0.0,0.0,0.0,0.0,0.0,0.0,17.0,0.16,35.0,205.0,372.0,134.0,0.43,0.02,0.01,0.0,0.0,0.0,0.0,0.0,0.0,0.0,0.0,0.0,0.0,0.0,0.0,0.0,0.0,0.0,0.0,0.0,0.0,0.0,False,False
CannedCorn,67,Vegetable,21.0,69.0,72.0,285.0,215.0,53.0,106.0,108.0,62.0,3.0,0.27,13.0,46.0,132.0,205.0,0.32,0.03,0.07,0.0006,0.0,0.002,0.014,0.006,0.0,0.0,0.0,0.09,0.0,1.8,0.04,0.09,1.01,17.8,0.21,0.04,0.036,0.0,True,True
CannedGreanPeas,69,Vegetable,30.0,165.0,159.0,264.0,259.0,67.0,163.0,192.0,87.0,20.0,0.95,17.0,67.0,173.0,2.0,0.71,0.08,0.3,0.0017,0.0,0.027,0.32,0.0,0.0,0.0,0.0,0.03,0.0214,9.6,0.12,0.08,0.73,0.0,0.13,0.06,0.044,0.0,True,True
CanolaOil,884,Oil,0.0,0.0,0.0,0.0,0.0,0.0,0.0,0.0,0.0,0.0,0.0,0.0,0.0,0.0,0.0,0.0,0.0,0.0,0.0,0.0,0.0,0.0,0.0,0.0,0.0,0.0,17.46,0.0713,0.0,0.0,0.0,0.0,0.2,0.0,0.0,0.0,0.0,True,True
CantaloupeMelon,34,Fruit,2.0,17.0,21.0,29.0,30.0,12.0,23.0,33.0,15.0,9.0,0.21,12.0,15.0,267.0,16.0,0.18,0.04,0.04,0.0004,0.001,0.169,2.02,0.016,0.0,0.0,0.0,0.05,0.0025,36.7,0.04,0.02,0.73,7.6,0.11,0.07,0.021,0.0,True,True
Capers,23,Vegetable,0.0,0.0,0.0,0.0,0.0,0.0,0.0,0.0,0.0,40.0,1.67,33.0,10.0,40.0,2348.0,0.32,0.37,0.08,0.0012,0.0,0.007,0.083,0.0,0.0,0.0,0.0,0.88,0.0246,4.3,0.02,0.14,0.65,6.5,0.03,0.02,0.023,0.0,True,True
Caramel,382,Sweets,60.0,192.0,258.0,417.0,338.0,107.0,205.0,285.0,115.0,138.0,0.14,17.0,114.0,214.0,245.0,0.44,0.02,0.01,0.0018,0.027,0.012,0.002,0.0,0.0,0.0,0.0,0.46,0.0018,0.4,0.1,0.26,0.15,8.0,0.62,0.06,0.004,0.0003,False,True
Carrrots,41,Vegetable,12.0,191.0,77.0,102.0,101.0,20.0,61.0,69.0,40.0,33.0,0.3,12.0,35.0,320.0,69.0,0.24,0.05,0.14,0.0001,0.0032,0.835,8.285,3.477,0.0,0.0,0.0,0.66,0.0132,5.9,0.07,0.06,0.98,8.8,0.27,0.14,0.019,0.0,True,True
Cashews,553,Nuts,287.0,688.0,789.0,1472.0,928.0,362.0,951.0,1094.0,456.0,37.0,6.68,292.0,593.0,660.0,12.0,5.78,2.2,1.66,0.019899999999999998,0.0,0.0,0.0,0.0,0.0,0.0,0.0,0.9,0.0341,0.5,0.42,0.06,1.06,0.0,0.86,0.42,0.025,0.0,True,True
Catfish,105,Meat,207.0,810.0,851.0,1502.0,1697.0,547.0,721.0,952.0,544.0,11.0,0.35,28.0,304.0,419.0,50.0,0.61,0.04,0.03,0.0143,0.0,0.015,0.0,0.0,0.0,0.0,0.0,0.0,0.0,0.8,0.23,0.07,2.39,0.0,0.91,0.11,0.01,0.0029,False,False
Cauliflower,25,Vegetable,20.0,76.0,71.0,106.0,217.0,20.0,65.0,125.0,56.0,22.0,0.42,15.0,44.0,299.0,30.0,0.27,0.04,0.16,0.0006,0.001,0.0,0.0,0.0,0.0,0.0,0.0,0.08,0.0155,48.2,0.05,0.06,0.51,44.3,0.67,0.18,0.057,0.0,True,True
Celery,16,Vegetable,9.0,20.0,21.0,32.0,27.0,5.0,20.0,27.0,12.0,40.0,0.2,11.0,24.0,260.0,80.0,0.13,0.04,0.1,0.0004,0.004,0.022,0.27,0.0,0.0,0.0,0.0,0.27,0.0293,3.1,0.02,0.06,0.32,6.1,0.25,0.07,0.036,0.0,True,True
CheddarCheese,404,Dairy,547.0,1044.0,1206.0,1939.0,1025.0,547.0,1074.0,1404.0,547.0,710.0,0.14,27.0,455.0,76.0,653.0,3.64,0.03,0.03,0.0285,0.0349,0.33,0.085,0.0,0.0006,0.0,0.0006,0.71,0.0024,0.0,0.03,0.43,0.06,16.5,0.41,0.07,0.027,0.0011,False,True
Cherry,50,Fruit,0.0,0.0,0.0,0.0,0.0,0.0,0.0,0.0,0.0,16.0,0.32,9.0,15.0,173.0,3.0,0.1,0.1,0.11,0.0,0.0,0.064,0.77,0.0,0.0,0.0,0.0,0.07,0.0021000000000000003,10.0,0.03,0.04,0.4,6.1,0.14,0.04,0.008,0.0,True,True
Chestnuts,196,Nuts,18.0,58.0,64.0,96.0,96.0,38.0,69.0,91.0,45.0,19.0,0.94,30.0,38.0,484.0,2.0,0.49,0.42,0.34,0.0,0.0,0.001,0.0,0.0,0.0,0.0,0.0,0.0,0.0,40.2,0.14,0.02,1.1,0.0,0.48,0.35,0.058,0.0,True,True
Cola,42,Drink,0.0,0.0,0.0,0.0,0.0,0.0,0.0,0.0,0.0,1.0,0.02,0.0,9.0,5.0,3.0,0.09,0.01,0.0,0.0001,0.0,0.0,0.0,0.0,0.0,0.0,0.0,0.0,0.0,0.0,0.0,0.0,0.0,0.3,0.0,0.0,0.0,0.0,True,True
CollardGreens,32,Vegetable,31.0,86.0,100.0,151.0,117.0,33.0,87.0,120.0,47.0,232.0,0.47,27.0,25.0,213.0,17.0,0.21,0.05,0.66,0.0013,0.0,0.251,2.991,0.014,0.0,0.0,0.0,2.26,0.43710000000000004,35.3,0.05,0.13,0.74,23.2,0.27,0.17,0.129,0.0,True,True
CornOil,900,Oil,0.0,0.0,0.0,0.0,0.0,0.0,0.0,0.0,0.0,0.0,0.0,0.0,0.0,0.0,0.0,0.0,0.0,0.0,0.0,0.0,0.0,0.0,0.0,0.0,0.0,0.0,14.3,0.0019,0.0,0.0,0.0,0.0,0.2,0.0,0.0,0.0,0.0,True,True
CornFlour,375,Flour,0.0,0.0,0.0,0.0,0.0,0.0,0.0,0.0,0.0,2.0,0.91,18.0,60.0,90.0,1.0,0.37,0.14,0.06,0.008,0.0,0.011,0.097,0.063,0.0,0.0,0.0,0.15,0.0003,0.0,0.07,0.06,2.66,0.0,0.05,0.1,0.048,0.0,True,True
CottageCheese,81,Dairy,138.0,470.0,556.0,1049.0,878.0,253.0,543.0,703.0,306.0,111.0,0.13,9.0,150.0,125.0,308.0,0.51,0.03,0.02,0.0119,0.0,0.068,0.006,0.0,0.0,0.0,0.0,0.08,0.0,0.0,0.02,0.25,0.1,16.3,0.52,0.06,0.008,0.00047,False,True
Couscous,112,Grain,49.0,100.0,147.0,259.0,73.0,59.0,184.0,162.0,77.0,8.0,0.38,8.0,22.0,58.0,5.0,0.26,0.04,0.08,0.0275,0.0,0.0,0.0,0.0,0.0,0.0,0.0,0.13,0.0001,0.0,0.06,0.03,0.98,3.3,0.37,0.05,0.015,0.0,True,True
Crab,83,Fish,226.0,727.0,776.0,1307.0,1386.0,452.0,708.0,806.0,393.0,91.0,0.5,36.0,234.0,259.0,395.0,3.81,0.81,0.07,0.0429,0.0,0.001,0.0,0.0,0.0,0.0,0.0,1.84,0.0003,3.3,0.02,0.09,2.75,80.9,1.0,0.16,0.051,0.00333,False,False
Crackers,455,Carbohydrate,105.0,265.0,306.0,586.0,190.0,145.0,396.0,386.0,190.0,92.0,2.64,72.0,302.0,283.0,699.0,1.64,0.27,1.55,0.0099,0.0,0.0,0.004,0.0,0.0,0.0,0.0,1.55,0.014199999999999999,0.0,0.28,0.15,4.02,27.2,0.58,0.24,0.038,0.0,True,True
Cranberries,46,Fruit,3.0,28.0,33.0,53.0,39.0,3.0,36.0,45.0,18.0,8.0,0.23,6.0,11.0,80.0,2.0,0.09,0.06,0.27,0.0001,0.0,0.003,0.038,0.0,0.0,0.0,0.0,1.32,0.005,14.0,0.01,0.02,0.1,5.5,0.3,0.06,0.001,0.0,True,True
CreamCheese,350,Dairy,69.0,233.0,324.0,657.0,567.0,191.0,291.0,395.0,175.0,97.0,0.11,9.0,107.0,132.0,314.0,0.5,0.02,0.01,0.0086,0.0,0.308,0.059,0.001,0.0,0.0,0.0,0.86,0.0021000000000000003,0.0,0.02,0.23,0.09,27.2,0.52,0.06,0.009,0.00022,False,True
Cucumber,15,Vegetable,5.0,19.0,21.0,29.0,29.0,6.0,19.0,22.0,10.0,16.0,0.28,13.0,24.0,147.0,2.0,0.2,0.04,0.08,0.0003,0.0013,0.005,0.045,0.011,0.0,0.0,0.0,0.03,0.016399999999999998,2.8,0.03,0.03,0.1,6.0,0.26,0.04,0.007,0.0,True,True
Dates,282,Fruit,12.0,43.0,49.0,84.0,66.0,22.0,50.0,71.0,32.0,39.0,1.02,43.0,62.0,656.0,2.0,0.29,0.21,0.26,0.003,0.0,0.0,0.006,0.0,0.0,0.0,0.0,0.05,0.0027,0.4,0.05,0.07,1.27,6.3,0.59,0.17,0.019,0.0,True,True
Durian,147,Fruit,0.0,0.0,0.0,0.0,0.0,0.0,0.0,0.0,0.0,6.0,0.43,30.0,39.0,436.0,2.0,0.28,0.21,0.33,0.0,0.0,0.002,0.023,0.006,0.0,0.0,0.0,0.0,0.0,19.7,0.37,0.2,1.07,0.0,0.23,0.32,0.036,0.0,True,True
Edamame,121,Vegetable,126.0,331.0,300.0,745.0,745.0,141.0,488.0,324.0,267.0,63.0,2.27,64.0,169.0,436.0,6.0,1.37,0.35,1.02,0.0008,0.0,0.015,0.175,0.0,0.0,0.0,0.0,0.68,0.026699999999999998,6.1,0.2,0.16,0.92,56.3,0.4,0.1,0.311,0.0,True,True
EggNoodles,138,Carbohydrate,43.0,138.0,190.0,365.0,137.0,86.0,240.0,220.0,121.0,12.0,0.6,21.0,76.0,38.0,5.0,0.65,0.1,0.32,0.023899999999999998,0.0,0.006,0.001,0.0,0.0001,0.0,0.0,0.17,0.0,0.0,0.03,0.02,0.4,25.7,0.26,0.05,0.007,8.999999999999999e-05,True,True
Eggplant,35,Vegetable,8.0,30.0,36.0,52.0,39.0,9.0,35.0,43.0,19.0,6.0,0.25,11.0,15.0,123.0,1.0,0.12,0.06,0.11,0.0001,0.0,0.002,0.022,0.0,0.0,0.0,0.0,0.41,0.0029,1.3,0.08,0.02,0.6,9.4,0.08,0.09,0.014,0.0,True,True
Espresso,9,Drink,0.0,0.0,0.0,0.0,0.0,0.0,0.0,0.0,0.0,2.0,0.13,80.0,7.0,115.0,14.0,0.05,0.05,0.05,0.0,0.0,0.0,0.0,0.0,0.0,0.0,0.0,0.01,0.0001,0.2,0.0,0.18,5.21,2.6,0.03,0.0,0.001,0.0,True,True
GrapeJuice,60,Drink,0.0,16.0,7.0,12.0,10.0,1.0,12.0,10.0,7.0,11.0,0.25,10.0,14.0,104.0,5.0,0.07,0.02,0.24,0.0,0.138,0.0,0.005,0.0,0.0,0.0,0.0,0.0,0.0004,0.1,0.02,0.02,0.13,3.2,0.05,0.03,0.0,0.0,True,True
GrapeFruit,42,Fruit,8.0,13.0,8.0,15.0,19.0,7.0,13.0,15.0,8.0,22.0,0.08,9.0,18.0,135.0,0.0,0.07,0.03,0.02,0.0001,0.0,0.058,0.686,0.003,0.0,0.0,0.0,0.13,0.0,31.2,0.04,0.03,0.2,7.7,0.26,0.05,0.013,0.0,True,True
Grapes,69,Fruit,11.0,22.0,11.0,22.0,27.0,9.0,19.0,22.0,22.0,10.0,0.36,7.0,20.0,191.0,2.0,0.07,0.13,0.07,0.0001,0.0078,0.003,0.039,0.001,0.0,0.0,0.0,0.19,0.0146,3.2,0.07,0.07,0.19,5.6,0.05,0.09,0.002,0.0,True,True
GreenOlives,145,Fruit,0.0,0.0,0.0,0.0,0.0,0.0,0.0,0.0,0.0,52.0,0.49,11.0,4.0,42.0,1556.0,0.04,0.12,0.0,0.0009,0.0,0.02,0.231,0.0,0.0,0.0,0.0,3.81,0.0014,0.0,0.02,0.01,0.24,14.2,0.02,0.03,0.003,0.0,True,True
GreenBellPeppers,20,Fruit,12.0,36.0,24.0,36.0,39.0,7.0,92.0,36.0,10.0,10.0,0.34,10.0,20.0,175.0,3.0,0.13,0.07,0.12,0.0,0.002,0.018,0.208,0.021,0.0,0.0,0.0,0.37,0.0074,80.4,0.06,0.03,0.48,5.5,0.1,0.22,0.01,0.0,True,True
GreenPeas,81,Vegetable,37.0,203.0,195.0,323.0,317.0,82.0,200.0,235.0,107.0,25.0,1.47,33.0,108.0,244.0,5.0,1.24,0.18,0.41,0.0018,0.0,0.038,0.449,0.021,0.0,0.0,0.0,0.13,0.0248,40.0,0.27,0.13,2.09,28.4,0.1,0.17,0.065,0.0,True,True
GreenTea,0,Drink,0.0,0.0,0.0,0.0,0.0,0.0,0.0,0.0,0.0,1.0,0.0,0.0,26.0,19.0,7.0,0.01,0.01,0.0,0.0,0.0,0.0,0.0,0.0,0.0,0.0,0.0,0.0,0.0,0.0,0.0,0.0,0.0,0.0,0.0,0.0,0.0,0.0,True,True
GroundGinger,335,Vegetable,152.0,289.0,341.0,513.0,241.0,89.0,311.0,411.0,199.0,114.0,19.8,214.0,168.0,1320.0,27.0,3.64,0.48,33.3,0.055799999999999995,0.0,0.002,0.018,0.0,0.0,0.0,0.0,0.0,0.0008,0.7,0.05,0.17,9.62,41.2,0.48,0.63,0.013,0.0,True,True
Guava,68,Fruit,22.0,96.0,93.0,171.0,72.0,16.0,6.0,87.0,22.0,18.0,0.26,22.0,40.0,417.0,2.0,0.23,0.23,0.15,0.0006,0.0,0.031,0.374,0.0,0.0,0.0,0.0,0.73,0.0026,228.3,0.07,0.04,1.08,7.6,0.45,0.11,0.049,0.0,True,True
Halibut,111,Meat,283.0,1108.0,1165.0,2055.0,2321.0,748.0,988.0,1302.0,745.0,9.0,0.2,28.0,287.0,528.0,82.0,0.43,0.03,0.01,0.0554,0.0,0.024,0.0,0.0,0.0058,0.0,0.0058,0.74,0.0,0.0,0.06,0.04,7.91,75.1,0.42,0.63,0.014,0.00127,False,False
HardBoiledEggs,155,Dairy,153.0,604.0,686.0,1075.0,904.0,392.0,668.0,767.0,298.0,50.0,1.19,10.0,172.0,126.0,124.0,1.05,0.01,0.03,0.0308,0.0048,0.149,0.011,0.0,0.0022,0.0,0.0022,1.03,0.0003,0.0,0.07,0.51,0.06,293.8,1.4,0.12,0.044,0.00111,False,True
Hazelnuts,628,Nuts,193.0,497.0,545.0,1063.0,420.0,221.0,663.0,701.0,432.0,114.0,4.7,163.0,290.0,680.0,0.0,2.45,1.73,6.18,0.0024,0.0,0.001,0.011,0.003,0.0,0.0,0.0,15.03,0.014199999999999999,6.3,0.64,0.11,1.8,45.6,0.92,0.56,0.113,0.0,True,True
HoneydewMelon,36,Fruit,5.0,13.0,13.0,16.0,18.0,5.0,15.0,18.0,5.0,6.0,0.17,10.0,11.0,228.0,18.0,0.09,0.02,0.03,0.0007,0.0,0.003,0.03,0.0,0.0,0.0,0.0,0.02,0.0029,18.0,0.04,0.01,0.42,7.6,0.16,0.09,0.019,0.0,True,True
HotChiliPepper,40,Fruit,26.0,74.0,65.0,105.0,89.0,24.0,62.0,84.0,41.0,14.0,1.03,23.0,43.0,322.0,9.0,0.26,0.13,0.19,0.0005,0.0,0.048,0.534,0.036,0.0,0.0,0.0,0.69,0.014,143.7,0.07,0.09,1.24,10.9,0.2,0.51,0.023,0.0,True,True
Hotdog,247,Meat,98.0,360.0,453.0,769.0,641.0,199.0,417.0,483.0,295.0,24.0,2.36,13.0,99.0,146.0,684.0,2.02,0.08,0.09,0.0265,0.0,0.0,0.0,0.0,0.0,0.0,0.0,0.0,0.0,0.1,0.24,0.28,3.72,0.0,0.52,0.05,0.049,0.0005200000000000001,False,False
IcebergLettuce,14,Vegetable,9.0,25.0,18.0,25.0,24.0,5.0,23.0,24.0,9.0,18.0,0.41,7.0,20.0,141.0,10.0,0.15,0.03,0.13,0.0001,0.0,0.025,0.299,0.004,0.0,0.0,0.0,0.18,0.0241,2.8,0.04,0.03,0.12,6.7,0.09,0.04,0.029,0.0,True,True
InstantCoffee,2,Drink,0.0,0.0,0.0,0.0,0.0,0.0,0.0,0.0,0.0,4.0,0.04,4.0,3.0,30.0,4.0,0.01,0.01,0.02,0.0001,0.0,0.0,0.0,0.0,0.0,0.0,0.0,0.0,0.0,0.0,0.0,0.0,0.24,0.0,0.0,0.0,0.0,0.0,True,True
Feta,264,Dairy,200.0,637.0,803.0,1395.0,1219.0,368.0,675.0,1065.0,397.0,493.0,0.65,19.0,337.0,62.0,917.0,2.88,0.03,0.03,0.015,0.0,0.125,0.003,0.0,0.0004,0.0,0.0004,0.18,0.0018,0.0,0.15,0.84,0.99,15.4,0.97,0.42,0.032,0.0016899999999999999,False,True
Figs,74,Fruit,6.0,24.0,23.0,33.0,30.0,6.0,18.0,28.0,11.0,35.0,0.37,17.0,14.0,232.0,1.0,0.15,0.07,0.13,0.0002,0.0,0.007,0.085,0.0,0.0,0.0,0.0,0.11,0.0047,2.0,0.06,0.05,0.4,4.7,0.3,0.11,0.006,0.0,True,True
Flaxseed,534,Grain,297.0,766.0,896.0,1235.0,862.0,370.0,957.0,1072.0,472.0,255.0,5.73,392.0,642.0,813.0,30.0,4.34,1.22,2.48,0.0254,0.0,0.0,0.0,0.0,0.0,0.0,0.0,0.31,0.0043,0.6,1.64,0.16,3.08,78.7,0.99,0.47,0.087,0.0,True,True
FlaxseedOil,884,Oil,0.0,0.0,0.0,0.0,0.0,0.0,0.0,0.0,0.0,1.0,0.0,0.0,1.0,0.0,0.0,0.07,0.0,0.0,0.0,0.0,0.0,0.0,0.0,0.0,0.0,0.0,0.47,0.009300000000000001,0.0,0.0,0.0,0.0,0.2,0.0,0.0,0.0,0.0,True,True
FrenchFriedPotatoes,158,Carbohydrate,24.0,95.0,96.0,161.0,162.0,44.0,117.0,152.0,56.0,12.0,0.57,24.0,87.0,478.0,324.0,0.35,0.1,0.15,0.0004,0.0256,0.0,0.003,0.0,0.0,0.0,0.0,0.39,0.0074,8.6,0.13,0.03,2.08,23.7,0.46,0.26,0.023,0.0,True,True
Garlic,149,Vegetable,66.0,157.0,217.0,308.0,273.0,76.0,183.0,291.0,113.0,181.0,1.7,25.0,153.0,401.0,17.0,1.16,0.3,1.67,0.014199999999999999,0.0,0.0,0.005,0.0,0.0,0.0,0.0,0.08,0.0017,31.2,0.2,0.11,0.7,23.2,0.6,1.24,0.003,0.0,True,True
Gin,263,Alcohol,0.0,0.0,0.0,0.0,0.0,0.0,0.0,0.0,0.0,0.0,0.0,0.0,0.0,0.0,2.0,0.0,0.0,0.0,0.0,0.0,0.0,0.0,0.0,0.0,0.0,0.0,0.0,0.0,0.0,0.0,0.0,0.0,0.0,0.0,0.0,0.0,0.0,True,True
GingerRoot,80,Vegetable,12.0,36.0,51.0,74.0,57.0,13.0,45.0,73.0,30.0,16.0,0.6,43.0,34.0,415.0,13.0,0.34,0.23,0.23,0.0007,0.0,0.0,0.0,0.0,0.0,0.0,0.0,0.26,0.0001,5.0,0.03,0.03,0.75,28.8,0.2,0.16,0.011,0.0,True,True
GoatCheese,364,Dairy,227.0,805.0,893.0,1861.0,1549.0,575.0,859.0,1485.0,589.0,298.0,1.62,29.0,375.0,158.0,415.0,0.66,0.56,0.09,0.0038,0.0,0.407,0.077,0.0,0.0005,0.0,0.0005,0.26,0.0025,0.0,0.07,0.68,1.15,15.4,0.19,0.06,0.002,0.00022,False,True
GoatMilk,69,Dairy,44.0,163.0,207.0,314.0,290.0,80.0,155.0,240.0,89.0,134.0,0.05,14.0,111.0,204.0,50.0,0.3,0.05,0.02,0.0014,0.0,0.057,0.007,0.0,0.0013,0.0,0.0013,0.07,0.0003,1.3,0.05,0.14,0.28,16.0,0.31,0.05,0.001,7.000000000000001e-05,False,True
GoldenRaisins,302,Fruit,0.0,0.0,0.0,0.0,0.0,0.0,0.0,0.0,0.0,53.0,1.79,35.0,115.0,746.0,12.0,0.32,0.36,0.31,0.0007,0.0,0.0,0.0,0.0,0.0,0.0,0.0,0.12,0.0035,3.2,0.01,0.19,1.14,11.1,0.14,0.32,0.003,0.0,True,True
Jackfruit,95,Fruit,34.0,86.0,69.0,103.0,69.0,34.0,52.0,86.0,34.0,24.0,0.23,29.0,21.0,448.0,2.0,0.13,0.08,0.04,0.0,0.0,0.005,0.061,0.006,0.0,0.0,0.0,0.34,0.0,13.7,0.11,0.06,0.92,0.0,0.24,0.33,0.024,0.0,True,True
Kale,49,Vegetable,0.0,0.0,0.0,0.0,0.0,0.0,0.0,0.0,0.0,150.0,1.47,47.0,92.0,491.0,38.0,0.56,1.5,0.66,0.0009,0.0,0.5,5.927,0.054,0.0,0.0,0.0,1.54,0.7048,120.0,0.11,0.13,1.0,0.8,0.09,0.27,0.141,0.0,True,True
Kiwi,61,Fruit,15.0,47.0,51.0,66.0,61.0,24.0,44.0,57.0,27.0,34.0,0.31,17.0,34.0,312.0,3.0,0.14,0.13,0.1,0.0002,0.0,0.004,0.052,0.0,0.0,0.0,0.0,1.46,0.040299999999999996,92.7,0.03,0.03,0.34,7.8,0.18,0.06,0.025,0.0,True,True
Lard,902,Fat,0.0,0.0,0.0,0.0,0.0,0.0,0.0,0.0,0.0,0.0,0.0,0.0,0.0,0.0,0.0,0.11,0.0,0.0,0.0002,0.0,0.0,0.0,0.0,0.0025,0.0,0.0025,0.6,0.0,0.0,0.0,0.0,0.0,49.7,0.0,0.0,0.0,0.0,False,False
Lemons,29,Fruit,0.0,0.0,0.0,0.0,0.0,0.0,0.0,0.0,0.0,26.0,0.6,8.0,16.0,138.0,2.0,0.06,0.04,0.03,0.0004,0.0,0.001,0.003,0.001,0.0,0.0,0.0,0.15,0.0,53.0,0.04,0.02,0.1,5.1,0.19,0.08,0.011,0.0,True,True
Leeks,61,Vegetable,12.0,63.0,52.0,96.0,78.0,18.0,55.0,56.0,25.0,59.0,2.1,28.0,35.0,180.0,20.0,0.12,0.12,0.48,0.001,0.0,0.083,1.0,0.0,0.0,0.0,0.0,0.92,0.047,12.0,0.06,0.03,0.4,9.5,0.14,0.23,0.064,0.0,True,True
Lentils,116,Grain,81.0,323.0,390.0,654.0,630.0,77.0,445.0,448.0,254.0,19.0,3.33,36.0,180.0,369.0,2.0,1.27,0.25,0.49,0.0028,0.0,0.0,0.005,0.0,0.0,0.0,0.0,0.11,0.0017,1.5,0.17,0.07,1.06,32.7,0.64,0.18,0.181,0.0,True,True
Lettuce,15,Vegetable,9.0,59.0,84.0,79.0,84.0,16.0,55.0,70.0,22.0,36.0,0.86,13.0,29.0,194.0,28.0,0.18,0.03,0.25,0.0006,0.0,0.37,4.443,0.0,0.0,0.0,0.0,0.22,0.1263,9.2,0.07,0.08,0.38,13.6,0.13,0.09,0.038,0.0,True,True
Lime,30,Fruit,3.0,0.0,0.0,0.0,14.0,2.0,0.0,0.0,0.0,33.0,0.6,6.0,18.0,102.0,2.0,0.11,0.07,0.01,0.0004,0.0,0.002,0.03,0.0,0.0,0.0,0.0,0.22,0.0006,29.1,0.03,0.02,0.2,5.1,0.22,0.04,0.008,0.0,True,True
Lobster,89,Seafood,248.0,753.0,832.0,1376.0,1426.0,475.0,782.0,852.0,475.0,96.0,0.29,43.0,185.0,230.0,486.0,4.05,1.55,0.07,0.0731,0.0,0.001,0.0,0.0,0.0,0.0,0.0,1.0,0.0,0.0,0.02,0.02,1.83,80.9,1.67,0.12,0.011,0.0014299999999999998,False,False
LongWhiteRice,130,Grain,31.0,96.0,116.0,222.0,97.0,63.0,144.0,164.0,63.0,10.0,0.2,12.0,43.0,35.0,1.0,0.49,0.07,0.47,0.0075,0.0,0.0,0.0,0.0,0.0,0.0,0.0,0.04,0.0,0.0,0.02,0.01,0.4,2.1,0.39,0.09,0.003,0.0,True,True
LongBrownRice,123,Grain,33.0,95.0,109.0,214.0,99.0,58.0,133.0,151.0,66.0,3.0,0.56,39.0,103.0,86.0,4.0,0.71,0.11,0.97,0.0058,0.0,0.0,0.0,0.0,0.0,0.0,0.0,0.17,0.0002,0.0,0.18,0.07,2.56,9.2,0.38,0.12,0.009,0.0,True,True
Loquats,47,Fruit,5.0,15.0,15.0,26.0,23.0,4.0,14.0,21.0,7.0,16.0,0.28,13.0,27.0,266.0,1.0,0.05,0.04,0.15,0.0006,0.0,0.076,0.0,0.0,0.0,0.0,0.0,0.0,0.0,1.0,0.02,0.02,0.18,0.0,0.0,0.1,0.014,0.0,True,True
MacadamiaNuts,718,Nuts,67.0,370.0,314.0,602.0,18.0,23.0,665.0,363.0,195.0,85.0,3.69,130.0,188.0,368.0,5.0,1.3,0.76,4.13,0.0036,0.0,0.0,0.0,0.0,0.0,0.0,0.0,0.54,0.0,1.2,1.2,0.16,2.47,0.0,0.76,0.28,0.011,0.0,True,True
Mango,60,Fruit,13.0,31.0,29.0,50.0,66.0,8.0,27.0,42.0,19.0,11.0,0.16,10.0,14.0,168.0,1.0,0.09,0.11,0.06,0.0006,0.0,0.054,0.64,0.009,0.0,0.0,0.0,0.9,0.004200000000000001,36.4,0.03,0.04,0.67,7.6,0.2,0.12,0.043,0.0,True,True
Marshmellow,318,Sweets,0.0,35.0,28.0,66.0,77.0,15.0,42.0,50.0,17.0,3.0,0.23,2.0,8.0,5.0,80.0,0.04,0.1,0.01,0.0017,0.0,0.0,0.0,0.0,0.0,0.0,0.0,0.0,0.0,0.0,0.0,0.0,0.08,0.1,0.01,0.0,0.001,0.0,False,False
MashedPotatoe,113,Carbohydrate,33.0,71.0,82.0,123.0,106.0,33.0,83.0,107.0,42.0,24.0,0.26,18.0,45.0,284.0,317.0,0.27,0.14,0.11,0.0008,0.0,0.038,0.009,0.0,0.0002,0.0,0.0,0.12,0.002,6.0,0.09,0.04,1.07,13.5,0.47,0.22,0.008,7.000000000000001e-05,False,True
Mayonnaise,680,Condiment,17.0,55.0,65.0,95.0,72.0,35.0,57.0,74.0,26.0,8.0,0.21,1.0,21.0,20.0,635.0,0.15,0.02,0.01,0.0023,0.0,0.016,0.006,0.0,0.0002,0.0,0.0,3.28,0.163,0.0,0.01,0.02,0.0,34.2,0.17,0.01,0.005,0.00011999999999999999,False,True
MozzarellaCheese,295,Dairy,551.0,1053.0,1216.0,1956.0,1034.0,551.0,1083.0,1416.0,551.0,697.0,0.22,27.0,548.0,188.0,666.0,3.62,0.03,0.04,0.027600000000000003,0.0,0.223,0.051,0.0,0.0004,0.0,0.0004,0.5,0.0013,0.0,0.02,0.35,0.11,14.2,0.43,0.1,0.027,0.0016799999999999999,False,True
MultigrainBread,265,Carbohydrate,124.0,271.0,323.0,556.0,289.0,138.0,387.0,397.0,198.0,103.0,2.5,78.0,228.0,230.0,381.0,1.7,0.28,2.03,0.0329,0.0,0.0,0.001,0.0,0.0,0.0,0.0,0.37,0.0014,0.1,0.28,0.13,4.04,22.0,0.34,0.26,0.075,0.0,True,True
Mussels,172,Seafood,267.0,1025.0,1036.0,1676.0,1779.0,537.0,853.0,1040.0,457.0,33.0,6.72,37.0,285.0,268.0,369.0,2.67,0.15,6.8,0.0896,0.0,0.091,0.0,0.0,0.0,0.0,0.0,0.0,0.0,13.6,0.3,0.42,3.0,0.0,0.95,0.1,0.076,0.024,False,False
Mustard,60,Condiment,9.0,167.0,146.0,292.0,264.0,76.0,161.0,189.0,119.0,63.0,1.61,48.0,108.0,152.0,1104.0,0.64,0.07,0.42,0.0335,0.0015,0.005,0.051,0.001,0.0,0.0,0.0,0.36,0.0014,0.3,0.18,0.07,0.57,22.4,0.25,0.07,0.007,0.0,True,True
Naan,291,Carbohydrate,0.0,0.0,0.0,0.0,0.0,0.0,0.0,0.0,0.0,84.0,3.25,27.0,100.0,125.0,465.0,0.81,0.13,0.51,0.027899999999999998,0.0,0.0,0.0,0.0,0.0,0.0,0.0,0.79,0.0,0.0,0.78,0.51,5.84,0.0,0.45,0.1,0.102,0.0,True,True
Oatmeal,450,Grain,99.0,174.0,221.0,431.0,237.0,120.0,295.0,298.0,144.0,37.0,2.58,33.0,138.0,142.0,383.0,0.79,0.13,0.84,0.009800000000000001,0.0,0.005,0.0,0.0,0.0,0.0,0.0,0.26,0.008,0.5,0.27,0.23,2.23,12.0,0.39,0.07,0.059,0.0,True,True
Octopus,164,Seafood,334.0,1283.0,1298.0,2099.0,2228.0,673.0,1069.0,1303.0,573.0,106.0,9.54,60.0,279.0,630.0,460.0,3.36,0.74,0.05,0.0896,0.0,0.09,0.0,0.0,0.0,0.0,0.0,1.2,0.0001,8.0,0.06,0.08,3.78,81.0,0.9,0.65,0.024,0.036,False,False
Okra,33,Seafood,17.0,65.0,69.0,105.0,81.0,21.0,65.0,91.0,31.0,82.0,0.62,57.0,61.0,299.0,7.0,0.58,0.11,0.79,0.0007,0.0,0.036,0.416,0.027,0.0,0.0,0.0,0.27,0.0313,23.0,0.2,0.06,1.0,12.3,0.25,0.22,0.06,0.0,False,False
OliveOil,884,Oil,0.0,0.0,0.0,0.0,0.0,0.0,0.0,0.0,0.0,1.0,0.56,0.0,0.0,1.0,2.0,0.0,0.0,0.0,0.0,0.0,0.0,0.0,0.0,0.0,0.0,0.0,14.35,0.060200000000000004,0.0,0.0,0.0,0.0,0.3,0.0,0.0,0.0,0.0,False,False
Onion,40,Vegetable,14.0,21.0,14.0,25.0,39.0,2.0,25.0,21.0,14.0,23.0,0.21,10.0,29.0,146.0,4.0,0.17,0.04,0.13,0.0005,0.0011,0.0,0.001,0.0,0.0,0.0,0.0,0.02,0.0004,7.4,0.05,0.03,0.12,6.1,0.12,0.12,0.019,0.0,True,True
Oranges,47,Fruit,9.0,15.0,25.0,23.0,47.0,20.0,31.0,40.0,18.0,40.0,0.1,10.0,14.0,181.0,0.0,0.07,0.05,0.03,0.0005,0.0,0.011,0.071,0.011,0.0,0.0,0.0,0.18,0.0,53.2,0.09,0.04,0.28,8.4,0.25,0.06,0.03,0.0,True,True
OrangeJuice,47,Fruit,2.0,8.0,7.0,13.0,9.0,3.0,8.0,10.0,3.0,10.0,0.1,10.0,17.0,184.0,4.0,0.04,0.02,0.02,0.0001,0.0313,0.009,0.029,0.005,0.0,0.0,0.0,0.2,0.0001,30.1,0.04,0.02,0.2,6.2,0.18,0.03,0.024,0.0,True,True
Oregano,265,Vegetable,203.0,322.0,441.0,780.0,500.0,127.0,449.0,585.0,144.0,1597.0,36.8,270.0,148.0,1260.0,25.0,2.69,0.63,4.99,0.0045,0.0,0.085,1.007,0.02,0.0,0.0,0.0,18.26,0.6217,2.3,0.18,0.53,4.64,32.3,0.92,1.04,0.237,0.0,True,True
Oyster,79,Seafood,107.0,36.0,356.0,556.0,592.0,200.0,321.0,406.0,171.0,92.0,7.16,28.0,150.0,242.0,132.0,61.04,4.44,0.46,0.030699999999999998,0.063,0.02,0.0,0.0,0.0,0.0,0.0,1.32,0.0015,0.0,0.03,0.11,1.37,101.0,0.35,0.05,0.01,0.01291,False,False
PalmOil,884,Oil,0.0,0.0,0.0,0.0,0.0,0.0,0.0,0.0,0.0,0.0,0.01,0.0,0.0,0.0,0.0,0.0,0.0,0.0,0.0,0.0,0.0,0.0,0.0,0.0,0.0,0.0,15.94,0.008,0.0,0.0,0.0,0.0,0.3,0.0,0.0,0.0,0.0,True,True
Pancakes,194,Sweets,59.0,186.0,216.0,444.0,210.0,105.0,255.0,258.0,126.0,126.0,1.56,20.0,334.0,175.0,628.0,0.39,0.09,0.27,0.0135,0.0,0.01,0.0,0.0,0.0,0.0,0.0,0.0,0.0,0.2,0.21,0.22,1.71,19.2,0.24,0.09,0.037,0.0002,False,True
Papayas,43,Fruit,8.0,11.0,8.0,16.0,25.0,2.0,9.0,10.0,5.0,20.0,0.25,21.0,10.0,182.0,8.0,0.08,0.05,0.04,0.0006,0.0,0.047,0.274,0.002,0.0,0.0,0.0,0.3,0.0026,60.9,0.02,0.03,0.36,6.1,0.19,0.04,0.037,0.0,True,True
ParmesanCheese,392,Dairy,482.0,1317.0,1894.0,3452.0,3306.0,958.0,1922.0,2454.0,1384.0,1184.0,0.82,44.0,694.0,92.0,1376.0,2.75,0.03,0.02,0.0225,0.0,0.207,0.066,0.0,0.0005,0.0,0.0005,0.22,0.0017,0.0,0.04,0.33,0.27,15.4,0.45,0.09,0.007,0.0012,False,True
Parsley,36,Vegetable,45.0,122.0,118.0,204.0,181.0,42.0,145.0,172.0,61.0,138.0,6.2,50.0,58.0,554.0,56.0,1.07,0.15,0.16,0.0001,0.0,0.421,5.054,0.0,0.0,0.0,0.0,0.75,1.64,133.0,0.09,0.1,1.31,12.8,0.4,0.09,0.152,0.0,True,True
Parsnips,75,Vegetable,0.0,0.0,0.0,0.0,0.0,0.0,0.0,0.0,0.0,36.0,0.59,29.0,71.0,375.0,10.0,0.59,0.12,0.56,0.0018,0.0,0.0,0.0,0.0,0.0,0.0,0.0,1.49,0.0225,17.0,0.09,0.05,0.7,0.0,0.6,0.09,0.067,0.0,True,True
Passion,97,Fruit,0.0,0.0,0.0,0.0,0.0,0.0,0.0,0.0,0.0,12.0,1.6,29.0,68.0,348.0,28.0,0.1,0.09,0.0,0.0006,0.0,0.064,0.743,0.0,0.0,0.0,0.0,0.02,0.0007,30.0,0.0,0.13,1.5,7.6,0.0,0.1,0.014,0.0,True,True
Pasta,158,Carbohydrate,83.0,206.0,228.0,440.0,133.0,65.0,297.0,262.0,132.0,7.0,0.5,18.0,58.0,44.0,1.0,0.51,0.1,0.32,0.0264,0.0,0.0,0.0,0.0,0.0,0.0,0.0,0.06,0.0,0.0,0.02,0.02,0.4,6.4,0.11,0.05,0.007,0.0,False,True
Peaches,39,Fruit,10.0,16.0,17.0,27.0,30.0,10.0,19.0,22.0,13.0,6.0,0.25,9.0,20.0,190.0,0.0,0.17,0.07,0.06,0.0001,0.004,0.016,0.162,0.0,0.0,0.0,0.0,0.73,0.0026,6.6,0.02,0.03,0.81,6.1,0.15,0.03,0.004,0.0,True,True
PeanutOil,884,Oil,0.0,0.0,0.0,0.0,0.0,0.0,0.0,0.0,0.0,0.0,0.03,0.0,0.0,0.0,0.0,0.01,0.0,0.0,0.0,0.0,0.0,0.0,0.0,0.0,0.0,0.0,15.69,0.0007,0.0,0.0,0.0,0.0,0.1,0.0,0.0,0.0,0.0,True,True
Peanuts,567,Nuts,250.0,883.0,907.0,1672.0,926.0,317.0,1377.0,1082.0,652.0,92.0,4.58,168.0,376.0,705.0,18.0,3.27,1.14,1.93,0.0072,0.0,0.0,0.0,0.0,0.0,0.0,0.0,8.33,0.0,0.0,0.64,0.14,12.07,52.5,1.77,0.35,0.24,0.0,True,True
Pear,57,Fruit,2.0,11.0,11.0,19.0,17.0,2.0,11.0,17.0,2.0,9.0,0.18,7.0,12.0,116.0,1.0,0.1,0.08,0.05,0.0001,0.0022,0.001,0.014,0.001,0.0,0.0,0.0,0.12,0.0044,4.3,0.01,0.03,0.16,5.1,0.05,0.03,0.007,0.0,True,True
Pecans,691,Nuts,93.0,306.0,336.0,598.0,287.0,183.0,426.0,411.0,262.0,70.0,2.53,121.0,277.0,410.0,0.0,4.53,1.2,4.5,0.0038,0.01,0.003,0.029,0.0,0.0,0.0,0.0,1.4,0.0035,1.1,0.66,0.13,1.17,40.5,0.86,0.21,0.022,0.0,True,True
Peppermint,70,Spice,58.0,154.0,154.0,281.0,161.0,53.0,191.0,187.0,75.0,243.0,5.08,80.0,73.0,569.0,31.0,1.11,0.33,1.18,0.0,0.0,0.212,0.0,0.0,0.0,0.0,0.0,0.0,0.0,31.8,0.08,0.27,1.71,0.0,0.34,0.13,0.114,0.0,True,True
Pineapple,50,Fruit,5.0,19.0,19.0,24.0,26.0,12.0,21.0,24.0,10.0,13.0,0.29,12.0,8.0,109.0,1.0,0.12,0.11,0.93,0.0001,0.0,0.003,0.035,0.0,0.0,0.0,0.0,0.02,0.0007,47.8,0.08,0.03,0.5,5.5,0.21,0.11,0.018,0.0,True,True
PineNuts,673,Nuts,107.0,370.0,542.0,991.0,540.0,259.0,524.0,687.0,341.0,16.0,5.53,251.0,575.0,597.0,2.0,6.45,1.32,8.8,0.0007,0.0,0.001,0.017,0.0,0.0,0.0,0.0,9.33,0.053899999999999997,0.8,0.36,0.23,4.39,55.8,0.31,0.09,0.034,0.0,True,True
Plantains,122,Fruit,15.0,34.0,36.0,59.0,60.0,17.0,44.0,46.0,64.0,3.0,0.6,37.0,34.0,499.0,4.0,0.14,0.08,0.0,0.0015,0.0,0.056,0.457,0.438,0.0,0.0,0.0,0.14,0.0007,18.4,0.05,0.05,0.69,13.5,0.26,0.3,0.022,0.0,True,True
Plums,46,Fruit,9.0,10.0,14.0,15.0,16.0,8.0,14.0,16.0,9.0,6.0,0.17,7.0,16.0,157.0,0.0,0.1,0.06,0.05,0.0,0.002,0.017,0.19,0.0,0.0,0.0,0.0,0.26,0.0064,9.5,0.03,0.03,0.42,1.9,0.14,0.03,0.005,0.0,True,True
Pomegrantes,83,Fruit,0.0,0.0,0.0,0.0,0.0,0.0,0.0,0.0,0.0,10.0,0.3,12.0,36.0,236.0,3.0,0.35,0.16,0.12,0.0005,0.0,0.0,0.0,0.0,0.0,0.0,0.0,0.6,0.016399999999999998,10.2,0.07,0.05,0.29,7.6,0.38,0.08,0.038,0.0,True,True
Potatoes,93,Carbohydrate,30.0,71.0,80.0,118.0,119.0,31.0,87.0,110.0,43.0,5.0,0.35,25.0,50.0,391.0,5.0,0.29,0.22,0.16,0.0003,0.0,0.0,0.0,0.0,0.0,0.0,0.0,0.04,0.0003,12.8,0.11,0.02,1.4,14.5,0.56,0.3,0.009,0.0,True,True
ProvoloneCheese,351,Dairy,345.0,982.0,1091.0,2297.0,2646.0,686.0,1287.0,1640.0,1115.0,756.0,0.52,28.0,496.0,138.0,876.0,3.23,0.03,0.01,0.0145,0.0,0.236,0.068,0.0,0.0005,0.0,0.0005,0.23,0.0022,0.0,0.02,0.32,0.16,15.4,0.48,0.07,0.01,0.00146,False,True
Pumpkin,26,Fruit,12.0,29.0,31.0,46.0,54.0,11.0,32.0,35.0,16.0,21.0,0.8,12.0,44.0,340.0,1.0,0.32,0.13,0.13,0.0003,0.0,0.426,3.1,4.016,0.0,0.0,0.0,1.06,0.0011,9.0,0.05,0.11,0.6,8.2,0.3,0.06,0.016,0.0,True,True
Quinoa,120,Grain,52.0,131.0,157.0,261.0,239.0,96.0,185.0,185.0,127.0,17.0,1.49,64.0,152.0,172.0,7.0,1.09,0.19,0.63,0.0028,0.0,0.0,0.003,0.0,0.0,0.0,0.0,0.63,0.0,0.0,0.11,0.11,0.41,23.0,0.0,0.12,0.042,0.0,True,True
Radish,16,Vegetable,9.0,23.0,20.0,31.0,33.0,10.0,36.0,35.0,13.0,25.0,0.34,10.0,20.0,233.0,39.0,0.28,0.05,0.07,0.0006,0.006,0.0,0.004,0.0,0.0,0.0,0.0,0.0,0.0013,14.8,0.01,0.04,0.25,6.5,0.17,0.07,0.025,0.0,True,True
Raspberries,52,Fruit,0.0,0.0,0.0,0.0,0.0,0.0,0.0,0.0,0.0,25.0,0.69,22.0,29.0,151.0,1.0,0.42,0.09,0.67,0.0002,0.0,0.002,0.012,0.016,0.0,0.0,0.0,0.87,0.0078,26.2,0.03,0.04,0.6,12.3,0.33,0.06,0.021,0.0,True,True
RedBellPeppers,31,Vegetable,12.0,40.0,21.0,36.0,36.0,6.0,50.0,31.0,17.0,7.0,0.43,12.0,26.0,211.0,4.0,0.25,0.02,0.11,0.0001,0.0,0.157,1.624,0.02,0.0,0.0,0.0,1.58,0.004900000000000001,127.7,0.05,0.09,0.98,5.6,0.32,0.29,0.046,0.0,True,True
RedWine,85,Drink,0.0,0.0,0.0,0.0,0.0,0.0,0.0,0.0,0.0,8.0,0.46,12.0,23.0,127.0,4.0,0.14,0.01,0.13,0.0002,0.1046,0.0,0.001,0.0,0.0,0.0,0.0,0.0,0.0004,0.0,0.01,0.03,0.22,5.7,0.03,0.06,0.001,0.0,True,True
RiceNoodles,108,Carbohydrate,22.0,63.0,73.0,147.0,62.0,43.0,95.0,104.0,45.0,4.0,0.14,3.0,20.0,4.0,19.0,0.25,0.04,0.11,0.0045,0.0,0.0,0.0,0.0,0.0,0.0,0.0,0.03,0.0,0.0,0.02,0.0,0.07,1.6,0.01,0.01,0.001,0.0,True,True
Scallop,111,Seafood,173.0,629.0,692.0,1226.0,1258.0,487.0,597.0,645.0,314.0,10.0,0.58,37.0,426.0,314.0,667.0,1.55,0.03,0.03,0.0217,0.0,0.002,0.0,0.0,0.0,0.0,0.0,0.0,0.0,0.0,0.01,0.02,1.08,110.7,0.37,0.11,0.02,0.00215,False,False
Shrimp,99,Seafood,0.0,0.0,0.0,0.0,0.0,0.0,0.0,0.0,0.0,70.0,0.51,39.0,237.0,259.0,111.0,1.64,0.38,0.03,0.0,0.0,0.0,0.0,0.0,0.0,0.0,0.0,0.0,0.0,0.0,0.0,0.0,0.0,0.0,0.0,0.0,0.0,0.0,False,False
SourCream,136,Condiment,0.0,0.0,0.0,0.0,0.0,0.0,0.0,0.0,0.0,141.0,0.07,10.0,71.0,212.0,83.0,0.5,0.02,0.0,0.0031,0.0,0.09,0.021,0.0,0.0002,0.0,0.0002,0.3,0.0005,0.9,0.04,0.12,0.07,19.2,0.0,0.02,0.011,0.00041999999999999996,False,True
Soybeans,172,Grain,242.0,723.0,807.0,1355.0,1108.0,224.0,869.0,831.0,449.0,102.0,5.14,86.0,245.0,515.0,1.0,1.15,0.41,0.82,0.0073,0.0,0.0,0.005,0.0,0.0,0.0,0.0,0.35,0.0192,1.7,0.16,0.29,0.4,47.5,0.18,0.23,0.054,0.0,True,True
Spinach,23,Vegetable,39.0,122.0,147.0,223.0,174.0,53.0,129.0,161.0,64.0,99.0,2.71,79.0,49.0,558.0,79.0,0.53,0.13,0.9,0.001,0.0,0.469,5.626,0.0,0.0,0.0,0.0,2.03,0.4829,28.1,0.08,0.19,0.72,19.3,0.07,0.2,0.194,0.0,True,True
Strawberry,32,Fruit,8.0,20.0,16.0,34.0,26.0,2.0,19.0,19.0,12.0,16.0,0.41,13.0,24.0,153.0,1.0,0.14,0.05,0.39,0.0004,0.0044,0.001,0.007,0.0,0.0,0.0,0.0,0.29,0.0022,58.8,0.02,0.02,0.39,5.7,0.13,0.05,0.024,0.0,True,True
SweetPotato,76,Carbohydrate,28.0,73.0,48.0,81.0,58.0,25.0,78.0,75.0,27.0,27.0,0.72,18.0,32.0,230.0,27.0,0.2,0.09,0.27,0.0002,0.0,0.787,9.444,0.0,0.0,0.0,0.0,0.94,0.0021000000000000003,12.8,0.06,0.05,0.54,10.8,0.58,0.17,0.006,0.0,True,True
SwissCheese,393,Dairy,401.0,1038.0,1537.0,2959.0,2585.0,784.0,1662.0,2139.0,1065.0,890.0,0.13,33.0,574.0,72.0,187.0,4.37,0.05,0.03,0.03,0.0,0.288,0.061,0.001,0.0,0.0,0.0,0.6,0.0014,0.0,0.01,0.3,0.06,15.5,0.35,0.07,0.01,0.0030600000000000002,False,True
Tempeh,192,Grain,194.0,796.0,880.0,1430.0,908.0,175.0,893.0,920.0,466.0,111.0,2.7,81.0,266.0,412.0,9.0,1.14,0.56,1.3,0.0,0.0,0.0,0.0,0.0,0.0,0.0,0.0,0.0,0.0,0.0,0.08,0.36,2.64,0.0,0.28,0.22,0.024,8e-05,True,True
Tofu,116,Grain,127.0,332.0,404.0,619.0,537.0,104.0,397.0,411.0,237.0,46.0,1.98,52.0,73.0,75.0,2873.0,1.56,0.38,1.17,0.0173,0.0,0.0,0.0,0.0,0.0,0.0,0.0,0.0,0.0,0.2,0.16,0.1,0.38,0.0,0.13,0.09,0.029,0.0,True,True
Tomatoes,18,Fruit,6.0,27.0,18.0,25.0,27.0,6.0,27.0,18.0,14.0,10.0,0.27,11.0,24.0,237.0,5.0,0.17,0.06,0.11,0.0,0.0023,0.042,0.449,0.101,0.0,0.0,0.0,0.54,0.0079,13.7,0.04,0.02,0.59,6.7,0.09,0.08,0.015,0.0,True,True
Tuna,86,Seafood,209.0,817.0,858.0,1514.0,1711.0,551.0,727.0,959.0,548.0,17.0,1.63,23.0,139.0,179.0,247.0,0.69,0.05,0.02,0.0706,0.018600000000000002,0.017,0.0,0.0,0.0012,0.0,0.0012,0.33,0.0002,0.0,0.03,0.08,10.14,29.3,0.15,0.32,0.004,0.0025499999999999997,False,False
TurketMeat,189,Meat,291.0,1004.0,796.0,1925.0,2282.0,724.0,903.0,902.0,749.0,14.0,1.09,30.0,223.0,239.0,103.0,2.48,0.09,0.01,0.0298,0.0,0.012,0.0,0.0,0.0004,0.0,0.0004,0.07,0.0,0.0,0.05,0.28,9.57,87.4,0.95,0.62,0.009,0.00102,False,False
Turnpis,28,Vegetable,9.0,25.0,36.0,33.0,36.0,11.0,17.0,30.0,14.0,30.0,0.3,11.0,27.0,191.0,67.0,0.27,0.09,0.13,0.0007,0.0,0.0,0.0,0.0,0.0,0.0,0.0,0.03,0.0001,21.0,0.04,0.03,0.4,11.1,0.2,0.09,0.015,0.0,True,True
Walnuts,654,Nuts,170.0,596.0,625.0,1170.0,424.0,236.0,711.0,753.0,391.0,98.0,2.91,158.0,346.0,441.0,2.0,3.09,1.59,3.41,0.004900000000000001,0.0,0.001,0.012,0.0,0.0,0.0,0.0,0.7,0.0027,1.3,0.34,0.15,1.13,39.2,0.57,0.54,0.098,0.0,True,True
Watermelon,30,Fruit,7.0,27.0,19.0,18.0,62.0,6.0,15.0,16.0,6.0,7.0,0.24,10.0,11.0,112.0,1.0,0.1,0.04,0.04,0.0004,0.0015,0.028,0.303,0.0,0.0,0.0,0.0,0.05,0.0001,8.1,0.03,0.02,0.18,4.1,0.22,0.05,0.003,0.0,True,True
Yogurt,106,Dairy,0.0,0.0,0.0,0.0,0.0,0.0,0.0,0.0,0.0,100.0,0.0,10.0,109.0,113.0,37.0,0.41,0.02,0.04,0.0096,0.0,0.046,0.007,0.0,0.0,0.0,0.0,0.07,0.0003,0.0,0.05,0.24,0.21,14.3,0.39,0.05,0.005,0.0005,False,True
Zucchini,15,Vegetable,6.0,15.0,23.0,37.0,35.0,9.0,22.0,29.0,14.0,18.0,0.37,19.0,37.0,264.0,3.0,0.33,0.05,0.17,0.0002,0.0,0.056,0.67,0.0,0.0,0.0,0.0,0.12,0.004200000000000001,12.9,0.04,0.02,0.51,9.4,0.29,0.08,0.028,0.0,True,True
